password, salt, magento1_format 
ylycXf7f,sC4VzscsVZFVX7OnbWw2cuoONBmiuY2y,0571b7e22468e4a0946e3a30bc7b7b2f:sC4VzscsVZFVX7OnbWw2cuoONBmiuY2y
GSLyAplg,kZ1kJMf3Vm1MJuBalzNEl7jChJlPYYjv,e780ef6449dc3fd85e3fdfe76a514e1a:kZ1kJMf3Vm1MJuBalzNEl7jChJlPYYjv
8HTlXqMY,t9VuX5Sc5FgNL3xMAtWwxp408sW2vmEr,83ccc3c926d353ded470dca2e9efab21:t9VuX5Sc5FgNL3xMAtWwxp408sW2vmEr
oGvOLN7w,MQgZmEL6NjTU0xu7MMD6JdhWs7p6zX5L,bc3e6b4ee1106bcd345a7c01ffbfb7eb:MQgZmEL6NjTU0xu7MMD6JdhWs7p6zX5L
lUSqRP6O,9fEWV7zPnnR5QsrrHbX6j2uEwaw0le4A,2e3e156cd3e6afd22cdbeefb8b5d78fa:9fEWV7zPnnR5QsrrHbX6j2uEwaw0le4A
8qnaT1q6,CIUqP5xhIAFteocEIX9WANiluJoes6bh,8e1c5e392f053121c970b17feffb5bd8:CIUqP5xhIAFteocEIX9WANiluJoes6bh
zKtL2Ixl,sNSlHVbnL2OHQQfYU0K4PNb8xpEz8ho2,9cc027cf7fbaee7286ac523171b0806a:sNSlHVbnL2OHQQfYU0K4PNb8xpEz8ho2
UPF0hZvD,gNCCT12Q8IgjdELfwr3o0rr6uASh7snL,2f339ed57003862ccad8151f0d194c48:gNCCT12Q8IgjdELfwr3o0rr6uASh7snL
sUbDpmgt,t6zA5X2EjWGRcdIFUboPc6ppqnUHy3fQ,1485f7f1898a7ed2eb66a5020d45baea:t6zA5X2EjWGRcdIFUboPc6ppqnUHy3fQ
vhtccfkz,1CjfY1D22XIrYRk0gKqVmiwYlDFz4v7p,6dbda03f261dbace06b2834523cda6e7:1CjfY1D22XIrYRk0gKqVmiwYlDFz4v7p
xb0zRCax,7GVnvRcHmkDAn5Kk6tvJVG7ivKHWvNpX,ab256515da8c384459e7dc8ec0f1fe66:7GVnvRcHmkDAn5Kk6tvJVG7ivKHWvNpX
axpwaaGM,TJfGEIxgAW6L78WXXRxHEe3hOtNeW04e,7fe75cf20991b600944ba06d6673d388:TJfGEIxgAW6L78WXXRxHEe3hOtNeW04e
7VoFa0Jm,OsSr5cruF2XSZDGhcPj6cr4XLyidRIls,381f4d19f6b7bc5bc878c929e9d5cc92:OsSr5cruF2XSZDGhcPj6cr4XLyidRIls
uSrcZUKw,pmxJyJn2M87XdRx2gVxGIScGw7pj96Nu,a7263bc380b0e8dd6a024abca8532118:pmxJyJn2M87XdRx2gVxGIScGw7pj96Nu
1rwK53wV,q6Q1rjP6w215mTX5jnWTd5IJeiL4c6I6,8a8d9b7b5b3b224f1107e3e6fefae60b:q6Q1rjP6w215mTX5jnWTd5IJeiL4c6I6
jGJolqak,uCEoY2ycwZ86vLXYugQhVcklsu41HXTm,0717957f01dad2eb209a1d05a9559558:uCEoY2ycwZ86vLXYugQhVcklsu41HXTm
f4xp46Dv,0o29mgnnaFhlYOxCmTC2kYZW9Viv6Npq,b726ea02caa29ce34817d78e48f94389:0o29mgnnaFhlYOxCmTC2kYZW9Viv6Npq
IaY6Bypl,B1Y7dcF3xVyCCDgn8aH12Sxzwkdi0jjn,ecfc4d139fe1efb55fab49d8e09bbc0b:B1Y7dcF3xVyCCDgn8aH12Sxzwkdi0jjn
u6tK9qK0,gfICqwR2KMEOzSEGV2D4YbHhJI1cRM4O,30918a5ecf76f45acd84ba1accdee1a9:gfICqwR2KMEOzSEGV2D4YbHhJI1cRM4O
EAsLy2u7,1XbHtNhVqrSdWHLfoRPFIZRLcGPgAxH2,29594e6aec7847e9bcf1abd16d7286ca:1XbHtNhVqrSdWHLfoRPFIZRLcGPgAxH2
x2F86c4x,F6oHRTsNiE4cbhfOJq5UxOl9h210mfdh,4d14607d1e96c429c7f8b11ecc7d7f83:F6oHRTsNiE4cbhfOJq5UxOl9h210mfdh
THkHgzRm,qhelEVegI23vLoUhosKSVxqg2EyNpDGU,e335a13fa63db417b9932cd4cbd67edf:qhelEVegI23vLoUhosKSVxqg2EyNpDGU
QeyNA4FK,0bKXu1lyA3QBuBvwVCd72SR23TopQ2UA,c0315db689ca182f6e4952ba559ee354:0bKXu1lyA3QBuBvwVCd72SR23TopQ2UA
gxnwFzIP,AZk4LOOgjqy7sKGZVYBjJlDOPsLxLSOl,ce7d8f6250df03b94e96b3a37eade494:AZk4LOOgjqy7sKGZVYBjJlDOPsLxLSOl
F5mBnQCk,ilt8rvaUGT1BKkiUJzi2TtMWyZtZ0wRz,b0653e215b834019d2846aef0d93d733:ilt8rvaUGT1BKkiUJzi2TtMWyZtZ0wRz
tmRTk7Vk,NSgikA993RZvA3wn8skY0dYRAC33ewwn,47d031e89ce4d204e872fb71cba02bcd:NSgikA993RZvA3wn8skY0dYRAC33ewwn
0FW1M41r,CM8Yv2Cf4fcdMdT5m3VCMoL98y9EIi3S,6af700589d13541856a8a8c97b792ed3:CM8Yv2Cf4fcdMdT5m3VCMoL98y9EIi3S
iq9axb2W,qrKD6nktnko4OSK3csVdPeZ3yvMlVpm6,135e2eafabb3862c8d668ef4296b8c58:qrKD6nktnko4OSK3csVdPeZ3yvMlVpm6
RlJJh0Yb,2YMAtVkrBKjU5xxTlyPwXkUIxCIGI8wP,0543390064bc643a871373cb21763ac7:2YMAtVkrBKjU5xxTlyPwXkUIxCIGI8wP
WqfBUDb3,2uptQGHYigKN8frqJDSS7p1q7gFTlklV,59a304ecd920a454a70d53d832c740cd:2uptQGHYigKN8frqJDSS7p1q7gFTlklV
rJxj69Sd,hbwAtmb3hkQAeymB13547ViXuAmxsexc,6510205f3f52e999ee2cdc08574c1bc1:hbwAtmb3hkQAeymB13547ViXuAmxsexc
tBrcYvV0,aQDia8J5NMYG5ynqKPhcQUgzdfHFXJQc,c7ce761d4041f44977d9f5ddbbdcb876:aQDia8J5NMYG5ynqKPhcQUgzdfHFXJQc
vSW1vFkR,ODfzyztgjweHsxv3SfBEo5FuPzL1LfR9,9d48b20fab2de74d3d4e81f2ab80791b:ODfzyztgjweHsxv3SfBEo5FuPzL1LfR9
jsykn7Eo,HCwHhczzQDEE3Px1wDiPdfCkawdoK0RE,4691d7858d18c80e8fd00255e3617e36:HCwHhczzQDEE3Px1wDiPdfCkawdoK0RE
TeuZLMcV,4FQVTnhA0RnAFrxn98yb9m1opWx2JMz4,d74cea748aa102f6ea4045cead8ee9a9:4FQVTnhA0RnAFrxn98yb9m1opWx2JMz4
uNB6CWaN,UFMhFKuaS3b2BFceoqGA3NZ226blE92X,417ce774dac6e80acced133d7efa5bf6:UFMhFKuaS3b2BFceoqGA3NZ226blE92X
t7ZzOgMt,8X83g9ehw6C14DlrQXQIKLsnbCSo5tjU,7efaabdc097a686ad7071c937f1af784:8X83g9ehw6C14DlrQXQIKLsnbCSo5tjU
qM8lzpFP,DBAmsL7jKtoNwrreNGzjfD2BBWTqhQZ2,e6be927cf3e96938e3e280e81bc903b6:DBAmsL7jKtoNwrreNGzjfD2BBWTqhQZ2
KgQZp0Bl,6tovFA5ZjvNO4tHtwXY8F8LpcJFR6ym0,a4838906458719e565066de07bc50181:6tovFA5ZjvNO4tHtwXY8F8LpcJFR6ym0
fwcoWoPm,vsOkNkDbFXnVWfRisvPkoAYe2W9s8Djq,e094394e48206242a7d5770e5a7bc724:vsOkNkDbFXnVWfRisvPkoAYe2W9s8Djq
o8ZK2zqC,Y97XtCniskQZ3Bp3M2rPZcWPq807Kuz2,914a5a0f2f9251c007c85ff2658fdc08:Y97XtCniskQZ3Bp3M2rPZcWPq807Kuz2
FiXexkkf,DAQwsOVh0AWfM18DG4eFEifVuzKKc5op,5846cb7a000d75a956b0d380f03c9b18:DAQwsOVh0AWfM18DG4eFEifVuzKKc5op
RYkRPKuf,NYyJ9KpsxrfFEmJhChvH9yJKdGfCczhF,ad00cfde793420580ec1441acb349690:NYyJ9KpsxrfFEmJhChvH9yJKdGfCczhF
MTY40vl0,Ca9d92i8DTasQzCu8Svt1vjC1vMjHbA7,f3e95b4d05089c19e489745ef331b8ca:Ca9d92i8DTasQzCu8Svt1vjC1vMjHbA7
M7yNnaEP,6Y8la0gURkXrdLJUzva2N9HDbCLyboHk,ad35f3d567a5a556011bbb80c3494f3e:6Y8la0gURkXrdLJUzva2N9HDbCLyboHk
b0Qu6csz,02WiwehSEaWyYsTIyaNs8gTGVY5a44u2,ddce8a2bc3368503a72e1b657626d693:02WiwehSEaWyYsTIyaNs8gTGVY5a44u2
FqFni0GW,eFQHBscKGz1TrVwZWMcNWgnXy5RVhHxA,83853ca71bf2872cea486672fa1548d1:eFQHBscKGz1TrVwZWMcNWgnXy5RVhHxA
vBlRmISM,S2DEdknjOJ0WqJQF4Li46lAaxlY0Lpz1,e65a09a2add9ff8da28377c143ca5d74:S2DEdknjOJ0WqJQF4Li46lAaxlY0Lpz1
4C2UaXnf,g66VeRn2CW6MVlbnd0Ons53TBuGzE4Am,43bb356f6db5ebc882eb95e0b8c92789:g66VeRn2CW6MVlbnd0Ons53TBuGzE4Am
MBexA7Kz,Hl7QyM1KfFBGi0ISfy8K7pNqLZYuMw5I,ff6f0e2f5662d38e3056d3e7dad14d6e:Hl7QyM1KfFBGi0ISfy8K7pNqLZYuMw5I
OyLULWmc,eYSHwwWM8QbTDrQ0nCaKo4UEnrBiyDYA,d4b35bab51c0884300d85672bca7daba:eYSHwwWM8QbTDrQ0nCaKo4UEnrBiyDYA
nBYUASWj,JbuGgF6PLlM2Q7ZU6OLXmev1HQA46ck9,9a65d27e0c90a93cd500327719025caf:JbuGgF6PLlM2Q7ZU6OLXmev1HQA46ck9
QXAvgfTb,LTiJBaPRtwAfowsLDYRLAnvTAsRp6PSO,4d9b18e1dbb4f921d86757670a6773e4:LTiJBaPRtwAfowsLDYRLAnvTAsRp6PSO
3jB9HOd7,mjJ8C22gXa9IlBOUm8kqH37VP68wpgr1,283dbc9c79d3b8d1dbd421826ede5820:mjJ8C22gXa9IlBOUm8kqH37VP68wpgr1
odYiPP7A,20xNTnGIJsqHOCNIVrJd8FrpCU4gbvHy,d215e5697acce0426cfaa8ffb77985fc:20xNTnGIJsqHOCNIVrJd8FrpCU4gbvHy
G1GM3iqc,BEUlpAh0Gc1pvKijL4wkP44rx4GNT9hi,f44473e4e51e7a9f3ab194f1707b0514:BEUlpAh0Gc1pvKijL4wkP44rx4GNT9hi
Boh859ER,in4jWsi5RQ0OW74y5jOLjxsSsB5J9TCe,d6ea37e5737b92539052ddd6e90cc0fd:in4jWsi5RQ0OW74y5jOLjxsSsB5J9TCe
WxB79pRY,nSixNuVkmOb7o2BRmvmSYsEXGEMBX4Q3,4fbb85d800642fb2dbc61d552ef52e05:nSixNuVkmOb7o2BRmvmSYsEXGEMBX4Q3
bS7QGEZx,tc2EH7nv94qVfvWJED7Y8UwbcLl3E5T1,8611eb35c2c32f6a9f6a45003daf6556:tc2EH7nv94qVfvWJED7Y8UwbcLl3E5T1
DSEg5kdW,cYz3biUviOTQQQg2ZjbY3c5ziN2ndamp,7fb3132f5d5bd32034e82bac5bb22321:cYz3biUviOTQQQg2ZjbY3c5ziN2ndamp
zkrieQa7,HKd0RqWW8D7SxD0Ml6VMmjUDSb65GbOb,8671699df73c6d7ba239e1fc21fd5294:HKd0RqWW8D7SxD0Ml6VMmjUDSb65GbOb
H89DgkXq,dMsio28Hyiuh3zcD55S22mu7ebV3zzkg,9244ad8f86ebe45ffea6cfa1877d6c35:dMsio28Hyiuh3zcD55S22mu7ebV3zzkg
jUekjcd8,CR8VIFGNxywsWEGmbzK7cVWXJnYRiav2,d8051a22d0a3732022391e57a21c5069:CR8VIFGNxywsWEGmbzK7cVWXJnYRiav2
HrBMNSo4,XUiepIEVjCDFsxurcliDEp5egru1gGBR,877cb5eac8ebf30abde7ab7d2cb46eb3:XUiepIEVjCDFsxurcliDEp5egru1gGBR
opeEH7he,mlQF9B4qWooGS8Q3I2nfPNelTEh5CBUR,c7eae50d98aab8de0313f9e40e36a1f0:mlQF9B4qWooGS8Q3I2nfPNelTEh5CBUR
